year,month,date
2026,12,2026-12-22
2026,12,2026-12-09
2026,11,2026-11-23
2026,11,2026-11-12
2026,10,2026-10-27
2026,10,2026-10-04
2026,9,2026-09-22
2026,9,2026-09-03
2026,8,2026-08-26
2026,8,2026-08-22
2026,8,2026-08-10
2026,8,2026-08-06
2026,7,2026-07-23
2026,7,2026-07-17
2026,7,2026-07-16
2026,7,2026-07-15
2026,6,2026-06-10
2026,5,2026-05-26
2026,5,2026-05-25
2026,5,2026-05-09
2026,4,2026-04-18
2026,3,2026-03-19
2026,3,2026-03-18
2026,3,2026-03-07
2026,3,2026-03-05
2026,2,2026-02-17
2026,1,2026-01-21
2026,1,2026-01-18
2026,1,2026-01-18
2026,1,2026-01-14
2025,12,2025-12-01
2025,11,2025-11-22
2025,11,2025-11-18
2025,11,2025-11-02
2025,10,2025-10-13
2025,9,2025-09-21
2025,8,2025-08-19
2025,8,2025-08-16
2025,8,2025-08-13
2025,8,2025-08-03
2025,7,2025-07-19
2025,7,2025-07-12
2025,7,2025-07-10
2025,7,2025-07-08
2025,6,2025-06-16
2025,6,2025-06-08
2025,5,2025-05-17
2025,5,2025-05-05
2025,4,2025-04-21
2025,4,2025-04-12
2025,3,2025-03-28
2025,3,2025-03-23
2025,3,2025-03-12
2025,3,2025-03-08
2025,2,2025-02-25
2025,2,2025-02-24
2025,2,2025-02-22
2025,1,2025-01-20
2025,1,2025-01-16
2025,1,2025-01-10
2024,12,2024-12-07
2024,11,2024-11-19
2024,11,2024-11-07
2024,11,2024-11-01
2024,10,2024-10-22
2024,10,2024-10-14
2024,10,2024-10-08
2024,9,2024-09-07
2024,8,2024-08-05
2024,7,2024-07-08
2024,7,2024-07-06
2024,6,2024-06-18
2024,5,2024-05-08
2024,4,2024-04-19
2024,4,2024-04-18
2024,3,2024-03-26
2024,3,2024-03-11
2024,3,2024-03-05
2024,3,2024-03-03
2024,2,2024-02-22
2024,2,2024-02-14
2024,2,2024-02-11
2024,1,2024-01-26
2024,1,2024-01-24
2024,1,2024-01-15
